product_id,product_name,duplicate_status,image_status,image_source,action_taken
1,Brembo Ceramic Front Brake Pads,KEEP,MISSING,SEARCH,WOULD_DOWNLOAD
2,Brembo Floating Disc Rotor 300mm,KEEP,MISSING,SEARCH,WOULD_DOWNLOAD
3,NGK Iridium IX Spark Plug (Pair),KEEP,MISSING,SEARCH,WOULD_DOWNLOAD
4,High Flow Performance Air Filter,KEEP,MISSING,SEARCH,WOULD_DOWNLOAD
5,DID 520 Pitch O-Ring Drive Chain Kit,KEEP,MISSING,SEARCH,WOULD_DOWNLOAD
6,Dunlop Sportmax Radial Rear Tire 140/70-17,KEEP,MISSING,SEARCH,WOULD_DOWNLOAD
7,Motul 7100 4T 10W40 Synthetic Engine Oil (1L),KEEP,MISSING,SEARCH,WOULD_DOWNLOAD
8,Akrapovi?? Slip-On Racing Exhaust Carbon,KEEP,MISSING,SEARCH,WOULD_DOWNLOAD
9,Full Face Aerodynamic Sports Helmet,KEEP,MISSING,SEARCH,WOULD_DOWNLOAD
10,Motul Chain Lube Road & Clean Combo Pack,KEEP,MISSING,SEARCH,WOULD_DOWNLOAD
11,Yamaha MT-15 Front Brake Pad,KEEP,MISSING,SEARCH,WOULD_DOWNLOAD
12,Classic 350 Rear Brake Shoe,KEEP,MISSING,SEARCH,WOULD_DOWNLOAD
13,KTM 390 Duke Oil Filter,KEEP,MISSING,SEARCH,WOULD_DOWNLOAD
14,Activa 6G Air Filter,KEEP,MISSING,SEARCH,WOULD_DOWNLOAD
15,Pulsar NS200 Spark Plug,KEEP,MISSING,SEARCH,WOULD_DOWNLOAD
16,Interceptor 650 Chain Sprocket Kit,KEEP,MISSING,SEARCH,WOULD_DOWNLOAD
17,Apache RTR 160 4V Clutch Plate Assembly,KEEP,MISSING,SEARCH,WOULD_DOWNLOAD
19,Honda CB350 Front Brake Pad,KEEP,MISSING,SEARCH,WOULD_DOWNLOAD
20,Honda Shine 125 Clutch Cable,KEEP,MISSING,SEARCH,WOULD_DOWNLOAD
21,NGK Spark Plug CPR7EA-9,KEEP,MISSING,SEARCH,WOULD_DOWNLOAD
22,Honda Activa 6G OEM Drive Belt,KEEP,MISSING,SEARCH,WOULD_DOWNLOAD
23,Honda Activa 6G Front Brake Shoe,KEEP,MISSING,SEARCH,WOULD_DOWNLOAD
24,Honda Activa 6G Viscous Air Filter,KEEP,MISSING,SEARCH,WOULD_DOWNLOAD
25,Honda Shine 125 Front Brake Pad,KEEP,MISSING,SEARCH,WOULD_DOWNLOAD
26,Honda SP125 Clutch Cable,POSSIBLE_DUPLICATE,MISSING,SEARCH,WOULD_DOWNLOAD
27,Honda Shine 125 Chain Sprocket Kit,KEEP,MISSING,SEARCH,WOULD_DOWNLOAD
28,Honda 10W30 Engine Oil (1L),KEEP,MISSING,SEARCH,WOULD_DOWNLOAD
29,Honda Hornet 2.0 USD Fork Seal Kit,KEEP,MISSING,SEARCH,WOULD_DOWNLOAD
30,Honda Hornet 2.0 Front Brake Pad,POSSIBLE_DUPLICATE,MISSING,SEARCH,WOULD_DOWNLOAD
31,Honda Hornet 2.0 Chain & Sprocket Kit (O-Ring),KEEP,MISSING,SEARCH,WOULD_DOWNLOAD
32,Honda H'ness CB350 Oil Filter,KEEP,MISSING,SEARCH,WOULD_DOWNLOAD
33,Honda CB350 Sintered Front Brake Pads,POSSIBLE_DUPLICATE,MISSING,SEARCH,WOULD_DOWNLOAD
34,Honda CB350 Sintered Rear Brake Pads,KEEP,MISSING,SEARCH,WOULD_DOWNLOAD
35,NGK Iridium Spark Plug (CB350),KEEP,MISSING,SEARCH,WOULD_DOWNLOAD
36,Honda CB350 Assist & Slipper Clutch Plate Set,KEEP,MISSING,SEARCH,WOULD_DOWNLOAD
37,Honda 10W30 Fully Synthetic Engine Oil (1L),KEEP,MISSING,SEARCH,WOULD_DOWNLOAD
38,Honda CB300R Oil Filter,POSSIBLE_DUPLICATE,MISSING,SEARCH,WOULD_DOWNLOAD
39,Nissin Front Brake Pads (CB300R),KEEP,MISSING,SEARCH,WOULD_DOWNLOAD
40,DID X-Ring Chain & Sprocket Kit (CB300R),KEEP,MISSING,SEARCH,WOULD_DOWNLOAD
41,Amaron Pro Bike Rider (5Ah) Battery,KEEP,MISSING,SEARCH,WOULD_DOWNLOAD
42,Exide Xplore (3Ah) Battery,KEEP,MISSING,SEARCH,WOULD_DOWNLOAD
43,Amaron Pro Bike Rider (6Ah) Battery,DUPLICATE,MISSING,SEARCH,WOULD_DOWNLOAD
44,Honda Shine Rear Brake Shoe,KEEP,MISSING,SEARCH,WOULD_DOWNLOAD
45,Honda Shine Front Fork Seal,KEEP,MISSING,SEARCH,WOULD_DOWNLOAD
46,Honda Shine 100 Throttle Cable,KEEP,MISSING,SEARCH,WOULD_DOWNLOAD
47,Honda Activa Front Suspension Spring,KEEP,MISSING,SEARCH,WOULD_DOWNLOAD
48,Honda Scooter Engine Oil 10W30 (800ml),KEEP,MISSING,SEARCH,WOULD_DOWNLOAD
49,Honda Activa 6G Speedometer Cable,KEEP,MISSING,SEARCH,WOULD_DOWNLOAD
50,Honda CB350 O-Ring Drive Chain,KEEP,MISSING,SEARCH,WOULD_DOWNLOAD
51,Honda CB350 Rear Wheel Bearing Set,KEEP,MISSING,SEARCH,WOULD_DOWNLOAD
52,Honda CB350 Ignition Coil,KEEP,MISSING,SEARCH,WOULD_DOWNLOAD
53,Honda SP160 Front Brake Pads,POSSIBLE_DUPLICATE,MISSING,SEARCH,WOULD_DOWNLOAD
54,Honda Unicorn Clutch Plate Assembly,KEEP,MISSING,SEARCH,WOULD_DOWNLOAD
55,Honda Hornet 2.0 Air Filter element,KEEP,MISSING,SEARCH,WOULD_DOWNLOAD
56,Honda Hornet 2.0 Rear Brake Pad,KEEP,MISSING,SEARCH,WOULD_DOWNLOAD
57,Honda CB300R Clutch Cable,KEEP,MISSING,SEARCH,WOULD_DOWNLOAD
58,Exide 7Ah Battery for CB300,KEEP,MISSING,SEARCH,WOULD_DOWNLOAD
59,TVS NTORQ 125 Air Filter,KEEP,MISSING,SEARCH,WOULD_DOWNLOAD
60,TVS NTORQ 125 Drive Belt,KEEP,MISSING,SEARCH,WOULD_DOWNLOAD
61,TVS Tru4 Scooter Oil 10W30 (800ml),KEEP,MISSING,SEARCH,WOULD_DOWNLOAD
62,TVS Jupiter Front Brake Shoe,KEEP,MISSING,SEARCH,WOULD_DOWNLOAD
63,TVS Apache RTR 160 Front Brake Pad,KEEP,MISSING,SEARCH,WOULD_DOWNLOAD
64,TVS Apache RTR 200 4V Rear Brake Pad,POSSIBLE_DUPLICATE,MISSING,SEARCH,WOULD_DOWNLOAD
65,TVS Apache RTR 160 4V Clutch Cable,KEEP,MISSING,SEARCH,WOULD_DOWNLOAD
66,TVS Apache RTR 200 4V Oil Filter,KEEP,MISSING,SEARCH,WOULD_DOWNLOAD
67,TVS Apache RTR 200 4V Chain & Sprocket Kit,KEEP,MISSING,SEARCH,WOULD_DOWNLOAD
68,TVS Apache RR 310 Oil Filter,POSSIBLE_DUPLICATE,MISSING,SEARCH,WOULD_DOWNLOAD
69,TVS Apache RR 310 Sintered Front Brake Pads,POSSIBLE_DUPLICATE,MISSING,SEARCH,WOULD_DOWNLOAD
70,TVS Apache RR 310 Spark Plug,KEEP,MISSING,SEARCH,WOULD_DOWNLOAD
71,TVS Raider 125 Throttle Cable,KEEP,MISSING,SEARCH,WOULD_DOWNLOAD
72,TVS Raider 125 Front Brake Pad,KEEP,MISSING,SEARCH,WOULD_DOWNLOAD
73,TVS Ronin Chain & Sprocket Kit,KEEP,MISSING,SEARCH,WOULD_DOWNLOAD
74,TVS Ronin Assist & Slipper Clutch Plate Set,POSSIBLE_DUPLICATE,MISSING,SEARCH,WOULD_DOWNLOAD
75,Bajaj Platina 100 Spark Plug,KEEP,MISSING,SEARCH,WOULD_DOWNLOAD
76,Bajaj Platina 110 Clutch Cable,KEEP,MISSING,SEARCH,WOULD_DOWNLOAD
77,Bajaj CT 110X Rear Brake Shoe,KEEP,MISSING,SEARCH,WOULD_DOWNLOAD
78,Bajaj Pulsar 150 Air Filter,KEEP,MISSING,SEARCH,WOULD_DOWNLOAD
79,Bajaj Pulsar N160 Front Brake Pads,KEEP,MISSING,SEARCH,WOULD_DOWNLOAD
80,Bajaj Pulsar 150 Clutch Plate Set,KEEP,MISSING,SEARCH,WOULD_DOWNLOAD
81,Bajaj Pulsar NS200 Oil Filter,POSSIBLE_DUPLICATE,MISSING,SEARCH,WOULD_DOWNLOAD
82,Bajaj Pulsar NS200 O-Ring Chain & Sprocket,KEEP,MISSING,SEARCH,WOULD_DOWNLOAD
83,Bajaj Pulsar NS400Z Sintered Brake Pads,KEEP,MISSING,SEARCH,WOULD_DOWNLOAD
84,Bajaj Dominar 400 Front Brake Pad,KEEP,MISSING,SEARCH,WOULD_DOWNLOAD
85,Bajaj 10W50 Synthetic Engine Oil (1L),KEEP,MISSING,SEARCH,WOULD_DOWNLOAD
86,Exide 9Ah Battery for Dominar,KEEP,MISSING,SEARCH,WOULD_DOWNLOAD
87,Bajaj Avenger 220 Accelerator Cable,KEEP,MISSING,SEARCH,WOULD_DOWNLOAD
88,Bajaj Avenger 220 Front Brake Pad,KEEP,MISSING,SEARCH,WOULD_DOWNLOAD
89,RE Classic 350 J-Series Air Filter,KEEP,MISSING,SEARCH,WOULD_DOWNLOAD
90,RE Liquid Gun 15W50 Engine Oil (2.5L),KEEP,MISSING,SEARCH,WOULD_DOWNLOAD
91,RE Classic 350 Front Brake Pads,KEEP,MISSING,SEARCH,WOULD_DOWNLOAD
92,RE Hunter 350 Clutch Cable,KEEP,MISSING,SEARCH,WOULD_DOWNLOAD
93,RE Meteor 350 Chain Sprocket Kit,KEEP,MISSING,SEARCH,WOULD_DOWNLOAD
94,RE Himalayan 450 Clutch Plate Set,KEEP,MISSING,SEARCH,WOULD_DOWNLOAD
95,RE Scram 411 Front Brake Pads,POSSIBLE_DUPLICATE,MISSING,SEARCH,WOULD_DOWNLOAD
96,RE Himalayan 450 Oil Filter,KEEP,MISSING,SEARCH,WOULD_DOWNLOAD
97,RE Interceptor 650 Oil Filter,KEEP,MISSING,SEARCH,WOULD_DOWNLOAD
98,NGK Spark Plug for RE 650 Twins,KEEP,MISSING,SEARCH,WOULD_DOWNLOAD
99,Brembo Front Brake Pads (RE 650),KEEP,MISSING,SEARCH,WOULD_DOWNLOAD
100,Exide 12V 14Ah Battery (RE 650),KEEP,MISSING,SEARCH,WOULD_DOWNLOAD
101,DID O-Ring Chain Kit for RE 650,KEEP,MISSING,SEARCH,WOULD_DOWNLOAD
102,RE Super Meteor 650 USD Fork Seals,KEEP,MISSING,SEARCH,WOULD_DOWNLOAD
103,Yamaha FZ-FI Front Brake Pads,POSSIBLE_DUPLICATE,MISSING,SEARCH,WOULD_DOWNLOAD
104,Yamaha FZS-FI Clutch Cable,KEEP,MISSING,SEARCH,WOULD_DOWNLOAD
105,Yamaha FZ-FI Air Filter,KEEP,MISSING,SEARCH,WOULD_DOWNLOAD
106,Yamaha R15 V4 Oil Filter,KEEP,MISSING,SEARCH,WOULD_DOWNLOAD
107,Yamaha R15 V4 Assist & Slipper Clutch Plate Set,POSSIBLE_DUPLICATE,MISSING,SEARCH,WOULD_DOWNLOAD
108,Yamaha R15 V4 Chain & Sprocket Kit,KEEP,MISSING,SEARCH,WOULD_DOWNLOAD
109,Yamaha MT-15 Chain & Sprocket Kit,POSSIBLE_DUPLICATE,MISSING,SEARCH,WOULD_DOWNLOAD
110,Yamaha MT-15 Sintered Front Brake Pads,POSSIBLE_DUPLICATE,MISSING,SEARCH,WOULD_DOWNLOAD
111,Yamaha R3 Air Filter,POSSIBLE_DUPLICATE,MISSING,SEARCH,WOULD_DOWNLOAD
112,Yamalube Fully Synthetic 10W40 Engine Oil (1L),KEEP,MISSING,SEARCH,WOULD_DOWNLOAD
113,Yamaha R3 OEM Front Brake Pad,POSSIBLE_DUPLICATE,MISSING,SEARCH,WOULD_DOWNLOAD
114,Yamaha Aerox 155 Drive Belt,KEEP,MISSING,SEARCH,WOULD_DOWNLOAD
115,Yamaha RayZR Hybrid Drive Belt,KEEP,MISSING,SEARCH,WOULD_DOWNLOAD
116,Yamaha Fascino Front Fork Seal,KEEP,MISSING,SEARCH,WOULD_DOWNLOAD
117,KTM 200 Duke Front Brake Pads,KEEP,MISSING,SEARCH,WOULD_DOWNLOAD
118,KTM RC 200 Clutch Cable,KEEP,MISSING,SEARCH,WOULD_DOWNLOAD
119,KTM 200 Duke Air Filter,POSSIBLE_DUPLICATE,MISSING,SEARCH,WOULD_DOWNLOAD
120,KTM RC 200 O-Ring Chain & Sprocket Kit,KEEP,MISSING,SEARCH,WOULD_DOWNLOAD
121,KTM 390 Duke Slipper Clutch Plate Set,KEEP,MISSING,SEARCH,WOULD_DOWNLOAD
122,KTM 390 Adventure Chain & Sprocket Kit,KEEP,MISSING,SEARCH,WOULD_DOWNLOAD
123,KTM 390 Duke Chain & Sprocket Kit,POSSIBLE_DUPLICATE,MISSING,SEARCH,WOULD_DOWNLOAD
124,KTM 390 Sintered Front Brake Pads,KEEP,MISSING,SEARCH,WOULD_DOWNLOAD
125,Motorex Top Speed 4T 15W50 Engine Oil (1L),KEEP,MISSING,SEARCH,WOULD_DOWNLOAD
126,Exide 12V 8Ah Battery (KTM 390),KEEP,MISSING,SEARCH,WOULD_DOWNLOAD
127,WP APEX USD Fork Seals,KEEP,MISSING,SEARCH,WOULD_DOWNLOAD
128,Hero Splendor Plus Rear Brake Shoe,KEEP,MISSING,SEARCH,WOULD_DOWNLOAD
129,Hero HF Deluxe Clutch Cable,KEEP,MISSING,SEARCH,WOULD_DOWNLOAD
130,Hero Splendor Plus Chain Sprocket Kit,KEEP,MISSING,SEARCH,WOULD_DOWNLOAD
131,Hero Passion XTEC Air Filter element,KEEP,MISSING,SEARCH,WOULD_DOWNLOAD
132,Hero Xtreme 160R Front Brake Pads,KEEP,MISSING,SEARCH,WOULD_DOWNLOAD
133,Hero Xtreme 160R O-Ring Chain Kit,KEEP,MISSING,SEARCH,WOULD_DOWNLOAD
134,Hero Glamour XTEC Spark Plug,KEEP,MISSING,SEARCH,WOULD_DOWNLOAD
135,Hero Xpulse 200 Sintered Front Brake Pads,KEEP,MISSING,SEARCH,WOULD_DOWNLOAD
136,Hero Karizma XMR Oil Filter,KEEP,MISSING,SEARCH,WOULD_DOWNLOAD
137,Hero Xpulse 200 Long Travel Fork Seals,KEEP,MISSING,SEARCH,WOULD_DOWNLOAD
138,Hero Karizma XMR Assist & Slipper Clutch Plate Set,KEEP,MISSING,SEARCH,WOULD_DOWNLOAD
139,Hero 4T Plus 10W30 Engine Oil (1L),KEEP,MISSING,SEARCH,WOULD_DOWNLOAD
140,Hero Fully Synthetic 10W40 Engine Oil (1L),POSSIBLE_DUPLICATE,MISSING,SEARCH,WOULD_DOWNLOAD
141,Exide 12V 4Ah Battery,POSSIBLE_DUPLICATE,MISSING,SEARCH,WOULD_DOWNLOAD
142,Suzuki Gixxer 155 Front Brake Pads,KEEP,MISSING,SEARCH,WOULD_DOWNLOAD
143,Suzuki Gixxer SF Clutch Cable,KEEP,MISSING,SEARCH,WOULD_DOWNLOAD
144,Suzuki Gixxer 155 Oil Filter,KEEP,MISSING,SEARCH,WOULD_DOWNLOAD
145,Suzuki Gixxer SF O-Ring Chain Kit,KEEP,MISSING,SEARCH,WOULD_DOWNLOAD
146,Suzuki Gixxer 250 Sintered Front Brake Pads,POSSIBLE_DUPLICATE,MISSING,SEARCH,WOULD_DOWNLOAD
147,Suzuki V-Strom SX Air Filter,KEEP,MISSING,SEARCH,WOULD_DOWNLOAD
148,Suzuki Gixxer 250 Oil Filter,POSSIBLE_DUPLICATE,MISSING,SEARCH,WOULD_DOWNLOAD
149,Suzuki V-Strom SX Clutch Plate Set,KEEP,MISSING,SEARCH,WOULD_DOWNLOAD
150,Suzuki V-Strom SX Fork Seals,KEEP,MISSING,SEARCH,WOULD_DOWNLOAD
151,Suzuki Access 125 Drive Belt,KEEP,MISSING,SEARCH,WOULD_DOWNLOAD
152,Suzuki Burgman Street Air Filter,KEEP,MISSING,SEARCH,WOULD_DOWNLOAD
153,Suzuki Avenis Front Disc Brake Pads,KEEP,MISSING,SEARCH,WOULD_DOWNLOAD
154,Suzuki Ecstar 10W40 Synthetic Engine Oil (1L),KEEP,MISSING,SEARCH,WOULD_DOWNLOAD
155,Amaron 12V 4Ah Battery,KEEP,MISSING,SEARCH,WOULD_DOWNLOAD
156,Kawasaki Ninja 300 Oil Filter,KEEP,MISSING,SEARCH,WOULD_DOWNLOAD
157,Kawasaki Ninja 300 Front Brake Pads,KEEP,MISSING,SEARCH,WOULD_DOWNLOAD
158,Kawasaki Ninja 400 DID O-Ring Chain,KEEP,MISSING,SEARCH,WOULD_DOWNLOAD
159,Kawasaki 650cc Air Filter,KEEP,MISSING,SEARCH,WOULD_DOWNLOAD
160,Kawasaki Z650 Clutch Plate Set,KEEP,MISSING,SEARCH,WOULD_DOWNLOAD
161,Kawasaki Versys 650 Fork Seals,KEEP,MISSING,SEARCH,WOULD_DOWNLOAD
162,NGK Iridium Spark Plug (Kawasaki Inline Four),KEEP,MISSING,SEARCH,WOULD_DOWNLOAD
163,Brembo Sintered Brake Pads (Kawasaki Z900),KEEP,MISSING,SEARCH,WOULD_DOWNLOAD
164,Kawasaki Z900 Oil Filter,POSSIBLE_DUPLICATE,MISSING,SEARCH,WOULD_DOWNLOAD
165,Kawasaki W175 Front Brake Pads,POSSIBLE_DUPLICATE,MISSING,SEARCH,WOULD_DOWNLOAD
166,Kawasaki Eliminator Clutch Cable,KEEP,MISSING,SEARCH,WOULD_DOWNLOAD
167,Kawasaki Performance 10W40 Synthetic Engine Oil (1L),KEEP,MISSING,SEARCH,WOULD_DOWNLOAD
168,Yuasa 12V Battery for Kawasaki,KEEP,MISSING,SEARCH,WOULD_DOWNLOAD
169,Jawa 42 Bobber Oil Filter,KEEP,MISSING,SEARCH,WOULD_DOWNLOAD
170,Jawa 42 Air Filter Element,KEEP,MISSING,SEARCH,WOULD_DOWNLOAD
171,NGK Spark Plug for Jawa 350,KEEP,MISSING,SEARCH,WOULD_DOWNLOAD
172,Jawa Perak Sintered Front Brake Pads,KEEP,MISSING,SEARCH,WOULD_DOWNLOAD
173,Jawa 42 Rear Brake Pads,KEEP,MISSING,SEARCH,WOULD_DOWNLOAD
174,Jawa 350 O-Ring Chain & Sprocket Kit,POSSIBLE_DUPLICATE,MISSING,SEARCH,WOULD_DOWNLOAD
175,Jawa 42 Assist & Slipper Clutch Plate Set,POSSIBLE_DUPLICATE,MISSING,SEARCH,WOULD_DOWNLOAD
176,Jawa Front Fork Seals Kit,KEEP,MISSING,SEARCH,WOULD_DOWNLOAD
177,Jawa Perak Clutch Cable,KEEP,MISSING,SEARCH,WOULD_DOWNLOAD
178,Motul 7100 10W40 Fully Synthetic Engine Oil (1L),POSSIBLE_DUPLICATE,MISSING,SEARCH,WOULD_DOWNLOAD
179,Exide 12V 9Ah Battery for Jawa,KEEP,MISSING,SEARCH,WOULD_DOWNLOAD
180,Bajaj Pulsar 150 Compatible Battery 9Ah,KEEP,MISSING,SEARCH,WOULD_DOWNLOAD
181,Bajaj Dominar 400 VRLA Battery,KEEP,MISSING,SEARCH,WOULD_DOWNLOAD
182,Bajaj Platina 100 12V 4Ah Battery,KEEP,MISSING,SEARCH,WOULD_DOWNLOAD
183,Bajaj Pulsar NS200 Front Brake Pad,POSSIBLE_DUPLICATE,MISSING,SEARCH,WOULD_DOWNLOAD
184,Bajaj Dominar 400 Sintered Front Brake Pad,POSSIBLE_DUPLICATE,MISSING,SEARCH,WOULD_DOWNLOAD
185,Bajaj Pulsar 150 Rear Brake Shoe,POSSIBLE_DUPLICATE,MISSING,SEARCH,WOULD_DOWNLOAD
186,Bajaj Avenger 220 Front Brake Disc,POSSIBLE_DUPLICATE,MISSING,SEARCH,WOULD_DOWNLOAD
187,Bajaj Pulsar 150 Clutch Cable,POSSIBLE_DUPLICATE,MISSING,SEARCH,WOULD_DOWNLOAD
188,Bajaj Dominar 400 Throttle Cable,KEEP,MISSING,SEARCH,WOULD_DOWNLOAD
189,Bajaj Platina 110 Speedometer Cable,KEEP,MISSING,SEARCH,WOULD_DOWNLOAD
190,Bajaj Pulsar N160 Chain & Sprocket Kit,KEEP,MISSING,SEARCH,WOULD_DOWNLOAD
191,Bajaj Dominar 400 X-Ring Drive Chain,KEEP,MISSING,SEARCH,WOULD_DOWNLOAD
192,Bajaj CT 110X Front Sprocket 14T,KEEP,MISSING,SEARCH,WOULD_DOWNLOAD
193,Bajaj Pulsar NS200 Clutch Plate Set,POSSIBLE_DUPLICATE,MISSING,SEARCH,WOULD_DOWNLOAD
194,Bajaj Platina 100 Friction Plates,KEEP,MISSING,SEARCH,WOULD_DOWNLOAD
195,Bajaj Pulsar 150 Clutch Lever,POSSIBLE_DUPLICATE,MISSING,SEARCH,WOULD_DOWNLOAD
196,Bajaj Dominar 400 Gear Shift Lever,KEEP,MISSING,SEARCH,WOULD_DOWNLOAD
197,Bajaj Avenger 220 Handlebar,KEEP,MISSING,SEARCH,WOULD_DOWNLOAD
198,Bajaj Pulsar 150 Rear Wheel Cush Drive Rubber,KEEP,MISSING,SEARCH,WOULD_DOWNLOAD
199,Bajaj Pulsar NS200 Starter Relay,KEEP,MISSING,SEARCH,WOULD_DOWNLOAD
200,Bajaj Dominar 400 Stator Coil,KEEP,MISSING,SEARCH,WOULD_DOWNLOAD
201,Bajaj Platina 100 Ignition Switch,KEEP,MISSING,SEARCH,WOULD_DOWNLOAD
202,Bajaj Pulsar 150 Head Gasket,KEEP,MISSING,SEARCH,WOULD_DOWNLOAD
203,Bajaj Dominar 400 Cam Chain Tensioner,KEEP,MISSING,SEARCH,WOULD_DOWNLOAD
204,Bajaj Avenger 220 Engine Oil Seal Kit,KEEP,MISSING,SEARCH,WOULD_DOWNLOAD
205,Bajaj Dominar 400 Air Filter,POSSIBLE_DUPLICATE,MISSING,SEARCH,WOULD_DOWNLOAD
206,Bajaj Pulsar 150 Front Fork Oil Seal Kit,KEEP,MISSING,SEARCH,WOULD_DOWNLOAD
207,Bajaj Dominar 400 USD Fork Seals,KEEP,MISSING,SEARCH,WOULD_DOWNLOAD
208,Bajaj DTS-i 20W50 Engine Oil (1L),KEEP,MISSING,SEARCH,WOULD_DOWNLOAD
209,Motul 7100 10W50 Synthetic Oil for Dominar,KEEP,MISSING,SEARCH,WOULD_DOWNLOAD
210,Bajaj Pulsar 150 OEM Motorcycle Mirrors (Pair),KEEP,MISSING,SEARCH,WOULD_DOWNLOAD
211,Bajaj Avenger 220 Custom Seat Cover,KEEP,MISSING,SEARCH,WOULD_DOWNLOAD
212,Champion Spark Plug for Pulsar 150,KEEP,MISSING,SEARCH,WOULD_DOWNLOAD
213,Bosch Iridium Spark Plug for Dominar 400,KEEP,MISSING,SEARCH,WOULD_DOWNLOAD
214,NGK Spark Plug for Platina 100,POSSIBLE_DUPLICATE,MISSING,SEARCH,WOULD_DOWNLOAD
215,Bajaj Pulsar 150 Nitrox Rear Shock Absorber,KEEP,MISSING,SEARCH,WOULD_DOWNLOAD
216,Bajaj Platina 100 SNS Rear Suspension,KEEP,MISSING,SEARCH,WOULD_DOWNLOAD
217,MRF Nylogrip Zapper 100/90-17 Rear Tyre,KEEP,MISSING,SEARCH,WOULD_DOWNLOAD
218,Bajaj Platina 100 Front Wheel Bearing,KEEP,MISSING,SEARCH,WOULD_DOWNLOAD
219,Bajaj Pulsar 150 Gear Selector Drum,KEEP,MISSING,SEARCH,WOULD_DOWNLOAD
220,Bajaj Dominar 400 Shift Fork,POSSIBLE_DUPLICATE,MISSING,SEARCH,WOULD_DOWNLOAD
