id,name,current_path
1,Brembo Ceramic Front Brake Pads,brake_pad.jpg
2,Brembo Floating Disc Rotor 300mm,disc_rotor.jpg
3,NGK Iridium IX Spark Plug (Pair),spark_plug.jpg
4,High Flow Performance Air Filter,air_filter.jpg
5,DID 520 Pitch O-Ring Drive Chain Kit,chain_kit.jpg
6,Dunlop Sportmax Radial Rear Tire 140/70-17,tires.jpg
7,Motul 7100 4T 10W40 Synthetic Engine Oil (1L),engine_oil.jpg
8,Akrapovi?? Slip-On Racing Exhaust Carbon,exhaust.jpg
9,Full Face Aerodynamic Sports Helmet,helmet.jpg
10,Motul Chain Lube Road & Clean Combo Pack,chain_kit.jpg
11,Yamaha MT-15 Front Brake Pad,brake_pad.jpg
12,Classic 350 Rear Brake Shoe,brake_pad.jpg
13,KTM 390 Duke Oil Filter,oil_filter.jpg
14,Activa 6G Air Filter,air_filter.jpg
15,Pulsar NS200 Spark Plug,spark_plug.jpg
16,Interceptor 650 Chain Sprocket Kit,chain_kit.jpg
17,Apache RTR 160 4V Clutch Plate Assembly,default_product.jpg
19,Honda CB350 Front Brake Pad,brake_pad.jpg
20,Honda Shine 125 Clutch Cable,default_product.jpg
21,NGK Spark Plug CPR7EA-9,spark_plug.jpg
22,Honda Activa 6G OEM Drive Belt,default_product.jpg
23,Honda Activa 6G Front Brake Shoe,brake_pad.jpg
24,Honda Activa 6G Viscous Air Filter,air_filter.jpg
25,Honda Shine 125 Front Brake Pad,brake_pad.jpg
26,Honda SP125 Clutch Cable,default_product.jpg
27,Honda Shine 125 Chain Sprocket Kit,chain_kit.jpg
28,Honda 10W30 Engine Oil (1L),engine_oil.jpg
29,Honda Hornet 2.0 USD Fork Seal Kit,default_product.jpg
30,Honda Hornet 2.0 Front Brake Pad,brake_pad.jpg
31,Honda Hornet 2.0 Chain & Sprocket Kit (O-Ring),chain_kit.jpg
32,Honda H'ness CB350 Oil Filter,oil_filter.jpg
33,Honda CB350 Sintered Front Brake Pads,brake_pad.jpg
34,Honda CB350 Sintered Rear Brake Pads,brake_pad.jpg
35,NGK Iridium Spark Plug (CB350),spark_plug.jpg
36,Honda CB350 Assist & Slipper Clutch Plate Set,default_product.jpg
37,Honda 10W30 Fully Synthetic Engine Oil (1L),engine_oil.jpg
38,Honda CB300R Oil Filter,oil_filter.jpg
39,Nissin Front Brake Pads (CB300R),brake_pad.jpg
40,DID X-Ring Chain & Sprocket Kit (CB300R),chain_kit.jpg
41,Amaron Pro Bike Rider (5Ah) Battery,default_product.jpg
42,Exide Xplore (3Ah) Battery,default_product.jpg
43,Amaron Pro Bike Rider (6Ah) Battery,default_product.jpg
44,Honda Shine Rear Brake Shoe,brake_pad.jpg
45,Honda Shine Front Fork Seal,default_product.jpg
46,Honda Shine 100 Throttle Cable,default_product.jpg
47,Honda Activa Front Suspension Spring,default_product.jpg
48,Honda Scooter Engine Oil 10W30 (800ml),engine_oil.jpg
49,Honda Activa 6G Speedometer Cable,default_product.jpg
50,Honda CB350 O-Ring Drive Chain,chain_kit.jpg
51,Honda CB350 Rear Wheel Bearing Set,default_product.jpg
52,Honda CB350 Ignition Coil,engine_oil.jpg
53,Honda SP160 Front Brake Pads,brake_pad.jpg
54,Honda Unicorn Clutch Plate Assembly,default_product.jpg
55,Honda Hornet 2.0 Air Filter element,air_filter.jpg
56,Honda Hornet 2.0 Rear Brake Pad,brake_pad.jpg
57,Honda CB300R Clutch Cable,default_product.jpg
58,Exide 7Ah Battery for CB300,default_product.jpg
59,TVS NTORQ 125 Air Filter,air_filter.jpg
60,TVS NTORQ 125 Drive Belt,default_product.jpg
61,TVS Tru4 Scooter Oil 10W30 (800ml),engine_oil.jpg
62,TVS Jupiter Front Brake Shoe,brake_pad.jpg
63,TVS Apache RTR 160 Front Brake Pad,brake_pad.jpg
64,TVS Apache RTR 200 4V Rear Brake Pad,brake_pad.jpg
65,TVS Apache RTR 160 4V Clutch Cable,default_product.jpg
66,TVS Apache RTR 200 4V Oil Filter,oil_filter.jpg
67,TVS Apache RTR 200 4V Chain & Sprocket Kit,chain_kit.jpg
68,TVS Apache RR 310 Oil Filter,oil_filter.jpg
69,TVS Apache RR 310 Sintered Front Brake Pads,brake_pad.jpg
70,TVS Apache RR 310 Spark Plug,spark_plug.jpg
71,TVS Raider 125 Throttle Cable,default_product.jpg
72,TVS Raider 125 Front Brake Pad,brake_pad.jpg
73,TVS Ronin Chain & Sprocket Kit,chain_kit.jpg
74,TVS Ronin Assist & Slipper Clutch Plate Set,default_product.jpg
75,Bajaj Platina 100 Spark Plug,spark_plug.jpg
76,Bajaj Platina 110 Clutch Cable,default_product.jpg
77,Bajaj CT 110X Rear Brake Shoe,brake_pad.jpg
78,Bajaj Pulsar 150 Air Filter,air_filter.jpg
79,Bajaj Pulsar N160 Front Brake Pads,brake_pad.jpg
80,Bajaj Pulsar 150 Clutch Plate Set,default_product.jpg
81,Bajaj Pulsar NS200 Oil Filter,oil_filter.jpg
82,Bajaj Pulsar NS200 O-Ring Chain & Sprocket,chain_kit.jpg
83,Bajaj Pulsar NS400Z Sintered Brake Pads,brake_pad.jpg
84,Bajaj Dominar 400 Front Brake Pad,brake_pad.jpg
85,Bajaj 10W50 Synthetic Engine Oil (1L),engine_oil.jpg
86,Exide 9Ah Battery for Dominar,default_product.jpg
87,Bajaj Avenger 220 Accelerator Cable,default_product.jpg
88,Bajaj Avenger 220 Front Brake Pad,brake_pad.jpg
89,RE Classic 350 J-Series Air Filter,air_filter.jpg
90,RE Liquid Gun 15W50 Engine Oil (2.5L),engine_oil.jpg
91,RE Classic 350 Front Brake Pads,brake_pad.jpg
92,RE Hunter 350 Clutch Cable,default_product.jpg
93,RE Meteor 350 Chain Sprocket Kit,chain_kit.jpg
94,RE Himalayan 450 Clutch Plate Set,default_product.jpg
95,RE Scram 411 Front Brake Pads,brake_pad.jpg
96,RE Himalayan 450 Oil Filter,oil_filter.jpg
97,RE Interceptor 650 Oil Filter,oil_filter.jpg
98,NGK Spark Plug for RE 650 Twins,spark_plug.jpg
99,Brembo Front Brake Pads (RE 650),brake_pad.jpg
100,Exide 12V 14Ah Battery (RE 650),default_product.jpg
101,DID O-Ring Chain Kit for RE 650,chain_kit.jpg
102,RE Super Meteor 650 USD Fork Seals,default_product.jpg
103,Yamaha FZ-FI Front Brake Pads,brake_pad.jpg
104,Yamaha FZS-FI Clutch Cable,default_product.jpg
105,Yamaha FZ-FI Air Filter,air_filter.jpg
106,Yamaha R15 V4 Oil Filter,oil_filter.jpg
107,Yamaha R15 V4 Assist & Slipper Clutch Plate Set,default_product.jpg
108,Yamaha R15 V4 Chain & Sprocket Kit,chain_kit.jpg
109,Yamaha MT-15 Chain & Sprocket Kit,chain_kit.jpg
110,Yamaha MT-15 Sintered Front Brake Pads,brake_pad.jpg
111,Yamaha R3 Air Filter,air_filter.jpg
112,Yamalube Fully Synthetic 10W40 Engine Oil (1L),engine_oil.jpg
113,Yamaha R3 OEM Front Brake Pad,brake_pad.jpg
114,Yamaha Aerox 155 Drive Belt,default_product.jpg
115,Yamaha RayZR Hybrid Drive Belt,default_product.jpg
116,Yamaha Fascino Front Fork Seal,default_product.jpg
117,KTM 200 Duke Front Brake Pads,brake_pad.jpg
118,KTM RC 200 Clutch Cable,default_product.jpg
119,KTM 200 Duke Air Filter,air_filter.jpg
120,KTM RC 200 O-Ring Chain & Sprocket Kit,chain_kit.jpg
121,KTM 390 Duke Slipper Clutch Plate Set,default_product.jpg
122,KTM 390 Adventure Chain & Sprocket Kit,chain_kit.jpg
123,KTM 390 Duke Chain & Sprocket Kit,chain_kit.jpg
124,KTM 390 Sintered Front Brake Pads,brake_pad.jpg
125,Motorex Top Speed 4T 15W50 Engine Oil (1L),engine_oil.jpg
126,Exide 12V 8Ah Battery (KTM 390),default_product.jpg
127,WP APEX USD Fork Seals,default_product.jpg
128,Hero Splendor Plus Rear Brake Shoe,brake_pad.jpg
129,Hero HF Deluxe Clutch Cable,default_product.jpg
130,Hero Splendor Plus Chain Sprocket Kit,chain_kit.jpg
131,Hero Passion XTEC Air Filter element,air_filter.jpg
132,Hero Xtreme 160R Front Brake Pads,brake_pad.jpg
133,Hero Xtreme 160R O-Ring Chain Kit,chain_kit.jpg
134,Hero Glamour XTEC Spark Plug,spark_plug.jpg
135,Hero Xpulse 200 Sintered Front Brake Pads,brake_pad.jpg
136,Hero Karizma XMR Oil Filter,oil_filter.jpg
137,Hero Xpulse 200 Long Travel Fork Seals,default_product.jpg
138,Hero Karizma XMR Assist & Slipper Clutch Plate Set,default_product.jpg
139,Hero 4T Plus 10W30 Engine Oil (1L),engine_oil.jpg
140,Hero Fully Synthetic 10W40 Engine Oil (1L),engine_oil.jpg
141,Exide 12V 4Ah Battery,default_product.jpg
142,Suzuki Gixxer 155 Front Brake Pads,brake_pad.jpg
143,Suzuki Gixxer SF Clutch Cable,default_product.jpg
144,Suzuki Gixxer 155 Oil Filter,oil_filter.jpg
145,Suzuki Gixxer SF O-Ring Chain Kit,chain_kit.jpg
146,Suzuki Gixxer 250 Sintered Front Brake Pads,brake_pad.jpg
147,Suzuki V-Strom SX Air Filter,air_filter.jpg
148,Suzuki Gixxer 250 Oil Filter,oil_filter.jpg
149,Suzuki V-Strom SX Clutch Plate Set,default_product.jpg
150,Suzuki V-Strom SX Fork Seals,default_product.jpg
151,Suzuki Access 125 Drive Belt,default_product.jpg
152,Suzuki Burgman Street Air Filter,air_filter.jpg
153,Suzuki Avenis Front Disc Brake Pads,brake_pad.jpg
154,Suzuki Ecstar 10W40 Synthetic Engine Oil (1L),engine_oil.jpg
155,Amaron 12V 4Ah Battery,default_product.jpg
156,Kawasaki Ninja 300 Oil Filter,oil_filter.jpg
157,Kawasaki Ninja 300 Front Brake Pads,brake_pad.jpg
158,Kawasaki Ninja 400 DID O-Ring Chain,chain_kit.jpg
159,Kawasaki 650cc Air Filter,air_filter.jpg
160,Kawasaki Z650 Clutch Plate Set,default_product.jpg
161,Kawasaki Versys 650 Fork Seals,default_product.jpg
162,NGK Iridium Spark Plug (Kawasaki Inline Four),spark_plug.jpg
163,Brembo Sintered Brake Pads (Kawasaki Z900),brake_pad.jpg
164,Kawasaki Z900 Oil Filter,oil_filter.jpg
165,Kawasaki W175 Front Brake Pads,brake_pad.jpg
166,Kawasaki Eliminator Clutch Cable,default_product.jpg
167,Kawasaki Performance 10W40 Synthetic Engine Oil (1L),engine_oil.jpg
168,Yuasa 12V Battery for Kawasaki,default_product.jpg
169,Jawa 42 Bobber Oil Filter,oil_filter.jpg
170,Jawa 42 Air Filter Element,air_filter.jpg
171,NGK Spark Plug for Jawa 350,spark_plug.jpg
172,Jawa Perak Sintered Front Brake Pads,brake_pad.jpg
173,Jawa 42 Rear Brake Pads,brake_pad.jpg
174,Jawa 350 O-Ring Chain & Sprocket Kit,chain_kit.jpg
175,Jawa 42 Assist & Slipper Clutch Plate Set,default_product.jpg
176,Jawa Front Fork Seals Kit,default_product.jpg
177,Jawa Perak Clutch Cable,default_product.jpg
178,Motul 7100 10W40 Fully Synthetic Engine Oil (1L),engine_oil.jpg
179,Exide 12V 9Ah Battery for Jawa,default_product.jpg
180,Bajaj Pulsar 150 Compatible Battery 9Ah,default_product.jpg
181,Bajaj Dominar 400 VRLA Battery,default_product.jpg
182,Bajaj Platina 100 12V 4Ah Battery,default_product.jpg
183,Bajaj Pulsar NS200 Front Brake Pad,brake_pad.jpg
184,Bajaj Dominar 400 Sintered Front Brake Pad,brake_pad.jpg
185,Bajaj Pulsar 150 Rear Brake Shoe,brake_pad.jpg
186,Bajaj Avenger 220 Front Brake Disc,brake_pad.jpg
187,Bajaj Pulsar 150 Clutch Cable,default_product.jpg
188,Bajaj Dominar 400 Throttle Cable,default_product.jpg
189,Bajaj Platina 110 Speedometer Cable,default_product.jpg
190,Bajaj Pulsar N160 Chain & Sprocket Kit,chain_kit.jpg
191,Bajaj Dominar 400 X-Ring Drive Chain,chain_kit.jpg
192,Bajaj CT 110X Front Sprocket 14T,chain_kit.jpg
193,Bajaj Pulsar NS200 Clutch Plate Set,default_product.jpg
194,Bajaj Platina 100 Friction Plates,default_product.jpg
195,Bajaj Pulsar 150 Clutch Lever,default_product.jpg
196,Bajaj Dominar 400 Gear Shift Lever,default_product.jpg
197,Bajaj Avenger 220 Handlebar,default_product.jpg
198,Bajaj Pulsar 150 Rear Wheel Cush Drive Rubber,default_product.jpg
199,Bajaj Pulsar NS200 Starter Relay,default_product.jpg
200,Bajaj Dominar 400 Stator Coil,engine_oil.jpg
201,Bajaj Platina 100 Ignition Switch,default_product.jpg
202,Bajaj Pulsar 150 Head Gasket,default_product.jpg
203,Bajaj Dominar 400 Cam Chain Tensioner,chain_kit.jpg
204,Bajaj Avenger 220 Engine Oil Seal Kit,engine_oil.jpg
205,Bajaj Dominar 400 Air Filter,air_filter.jpg
206,Bajaj Pulsar 150 Front Fork Oil Seal Kit,engine_oil.jpg
207,Bajaj Dominar 400 USD Fork Seals,default_product.jpg
208,Bajaj DTS-i 20W50 Engine Oil (1L),engine_oil.jpg
209,Motul 7100 10W50 Synthetic Oil for Dominar,engine_oil.jpg
210,Bajaj Pulsar 150 OEM Motorcycle Mirrors (Pair),default_product.jpg
211,Bajaj Avenger 220 Custom Seat Cover,default_product.jpg
212,Champion Spark Plug for Pulsar 150,spark_plug.jpg
213,Bosch Iridium Spark Plug for Dominar 400,spark_plug.jpg
214,NGK Spark Plug for Platina 100,spark_plug.jpg
215,Bajaj Pulsar 150 Nitrox Rear Shock Absorber,default_product.jpg
216,Bajaj Platina 100 SNS Rear Suspension,default_product.jpg
217,MRF Nylogrip Zapper 100/90-17 Rear Tyre,tires.jpg
218,Bajaj Platina 100 Front Wheel Bearing,default_product.jpg
219,Bajaj Pulsar 150 Gear Selector Drum,default_product.jpg
220,Bajaj Dominar 400 Shift Fork,default_product.jpg
