id,name,similar_to,conf
26,Honda SP125 Clutch Cable,Honda Shine 125 Clutch Cable,88.46%
30,Honda Hornet 2.0 Front Brake Pad,Honda Shine 125 Front Brake Pad,85.71%
33,Honda CB350 Sintered Front Brake Pads,Honda CB350 Front Brake Pad,84.38%
38,Honda CB300R Oil Filter,Honda H'ness CB350 Oil Filter,80.77%
53,Honda SP160 Front Brake Pads,Honda CB350 Front Brake Pad,83.64%
64,TVS Apache RTR 200 4V Rear Brake Pad,TVS Apache RTR 160 Front Brake Pad,80.00%
68,TVS Apache RR 310 Oil Filter,TVS Apache RTR 200 4V Oil Filter,86.67%
69,TVS Apache RR 310 Sintered Front Brake Pads,TVS Apache RTR 160 Front Brake Pad,83.12%
74,TVS Ronin Assist & Slipper Clutch Plate Set,Honda CB350 Assist & Slipper Clutch Plate Set,80.95%
81,Bajaj Pulsar NS200 Oil Filter,Bajaj Pulsar 150 Air Filter,82.14%
95,RE Scram 411 Front Brake Pads,Brembo Ceramic Front Brake Pads,80.00%
103,Yamaha FZ-FI Front Brake Pads,Yamaha MT-15 Front Brake Pad,84.21%
107,Yamaha R15 V4 Assist & Slipper Clutch Plate Set,Honda CB350 Assist & Slipper Clutch Plate Set,81.82%
109,Yamaha MT-15 Chain & Sprocket Kit,Yamaha R15 V4 Chain & Sprocket Kit,88.89%
110,Yamaha MT-15 Sintered Front Brake Pads,Yamaha MT-15 Front Brake Pad,84.85%
111,Yamaha R3 Air Filter,Yamaha FZ-FI Air Filter,83.72%
113,Yamaha R3 OEM Front Brake Pad,Yamaha MT-15 Front Brake Pad,84.21%
119,KTM 200 Duke Air Filter,KTM 390 Duke Oil Filter,82.61%
123,KTM 390 Duke Chain & Sprocket Kit,KTM 390 Adventure Chain & Sprocket Kit,89.55%
140,Hero Fully Synthetic 10W40 Engine Oil (1L),Yamalube Fully Synthetic 10W40 Engine Oil (1L),88.10%
141,Exide 12V 4Ah Battery,Exide 12V 14Ah Battery (RE 650),84.00%
146,Suzuki Gixxer 250 Sintered Front Brake Pads,Suzuki Gixxer 155 Front Brake Pads,83.12%
148,Suzuki Gixxer 250 Oil Filter,Suzuki Gixxer 155 Oil Filter,92.86%
164,Kawasaki Z900 Oil Filter,Kawasaki Ninja 300 Oil Filter,83.02%
165,Kawasaki W175 Front Brake Pads,Kawasaki Ninja 300 Front Brake Pads,80.00%
174,Jawa 350 O-Ring Chain & Sprocket Kit,KTM RC 200 O-Ring Chain & Sprocket Kit,80.00%
175,Jawa 42 Assist & Slipper Clutch Plate Set,Honda CB350 Assist & Slipper Clutch Plate Set,82.93%
178,Motul 7100 10W40 Fully Synthetic Engine Oil (1L),Motul 7100 4T 10W40 Synthetic Engine Oil (1L),89.89%
183,Bajaj Pulsar NS200 Front Brake Pad,Bajaj Pulsar N160 Front Brake Pads,91.18%
184,Bajaj Dominar 400 Sintered Front Brake Pad,Bajaj Dominar 400 Front Brake Pad,88.00%
185,Bajaj Pulsar 150 Rear Brake Shoe,Bajaj CT 110X Rear Brake Shoe,81.97%
186,Bajaj Avenger 220 Front Brake Disc,Bajaj Avenger 220 Front Brake Pad,92.54%
187,Bajaj Pulsar 150 Clutch Cable,Bajaj Platina 110 Clutch Cable,84.75%
193,Bajaj Pulsar NS200 Clutch Plate Set,Bajaj Pulsar 150 Clutch Plate Set,91.18%
195,Bajaj Pulsar 150 Clutch Lever,Bajaj Pulsar 150 Clutch Plate Set,87.10%
205,Bajaj Dominar 400 Air Filter,Bajaj Dominar 400 Gear Shift Lever,80.65%
214,NGK Spark Plug for Platina 100,NGK Spark Plug for Jawa 350,80.70%
220,Bajaj Dominar 400 Shift Fork,Bajaj Dominar 400 Gear Shift Lever,80.65%
